{
    "attribute0-sister": [
        -2.06191465845684,
        -6.53339503685166
    ],
    "attribute0-she": [
        12.592991932133835,
        -3.3040586550839905
    ],
    "attribute0-her": [
        12.546480945252394,
        -3.3409298061780786
    ],
    "attribute0-women": [
        13.24811362784437,
        -2.771372099926629
    ],
    "attribute0-daughter": [
        1.327112522152385,
        -6.05191256164262
    ],
    "attribute0-woman": [
        12.666531359520599,
        -3.863833636381443
    ],
    "attribute0-mothers": [
        10.593887851654154,
        -4.530084177239677
    ],
    "attribute0-mother": [
        7.641172499921353,
        -5.384892594757492
    ],
    "attribute0-herself": [
        -5.233272146483486,
        -6.514285734166285
    ],
    "attribute0-girls": [
        12.038458767335005,
        -4.811712547387245
    ],
    "attribute0-female": [
        11.514221024429027,
        -4.938148645705963
    ],
    "attribute0-girl": [
        9.233212332538391,
        -5.861009528286956
    ],
    "attribute0-daughters": [
        8.468460458545787,
        -4.628728293681559
    ],
    "attribute0-aunt": [
        -18.740238584827733,
        -7.833973492248306
    ],
    "attribute0-hers": [
        8.700382432608302,
        -5.160845100989102
    ],
    "attribute0-niece": [
        -7.060465744258764,
        -6.602457066765493
    ],
    "attribute0-females": [
        13.020942862770251,
        -2.8155629590355447
    ],
    "attribute0-sisters": [
        1.04601779123922,
        -6.042173548941107
    ],
    "attribute0-aunts": [
        -15.420456691930392,
        -7.667017718126417
    ],
    "attribute1-his": [
        7.67362342784502,
        -5.0441543016225765
    ],
    "attribute1-he": [
        10.763473428442335,
        -4.044024382502117
    ],
    "attribute1-brothers": [
        -16.874734509080664,
        -7.550908830080019
    ],
    "attribute1-father": [
        -4.620532694769334,
        -6.609377948807865
    ],
    "attribute1-him": [
        12.597972476099917,
        -3.3021324166735275
    ],
    "attribute1-men": [
        13.13348449578823,
        -2.6423658112048667
    ],
    "attribute1-man": [
        10.635918846556853,
        -4.755284605531315
    ],
    "attribute1-son": [
        -0.37653169176288,
        -6.301218122204068
    ],
    "attribute1-fathers": [
        3.196207392189982,
        -5.724785080342398
    ],
    "attribute1-male": [
        10.942935989304164,
        -5.003025491946149
    ],
    "attribute1-himself": [
        -3.819990649024469,
        -6.4007839609776305
    ],
    "attribute1-sons": [
        1.9826168184387472,
        -5.642444653261512
    ],
    "attribute1-boys": [
        7.136982757287409,
        -5.521955441594133
    ],
    "attribute1-brother": [
        -2.1067533276672332,
        -6.427595641390361
    ],
    "attribute1-boy": [
        4.451461990332408,
        -5.960913239991362
    ],
    "attribute1-males": [
        13.075645734523606,
        -2.955541286883812
    ],
    "attribute1-uncle": [
        -18.858782348604453,
        -7.577822365557733
    ],
    "attribute1-uncles": [
        -18.785171998590357,
        -7.858686833476171
    ],
    "attribute1-nephew": [
        -19.49151870199069,
        -7.702609281512043
    ],
    "attribute1-nephews": [
        -19.846919873959067,
        -7.857693661802898
    ],
    "scm-0": [
        0.7609649954516792,
        1.0
    ],
    "scm-1": [
        -1.1946069717726293,
        -1.0
    ],
    "scm-2": [
        1.0,
        0.8247912989434314
    ],
    "scm-3": [
        -1.0,
        0.16497065570040684
    ],
    "driving": [
        -5.7747495998109,
        -4.509822706300762
    ],
    "terrorist": [
        -10.643156061312894,
        -6.747626651818305
    ],
    "weak": [
        -0.5329458744793519,
        0.3793243195047194
    ],
    "family": [
        -13.897785989019972,
        -6.58642284042869
    ],
    "sweet": [
        -9.10849962491522,
        -4.5387965301240065
    ],
    "office": [
        -17.90010637479889,
        -7.775611813478246
    ],
    "emotional": [
        -3.015722904187269,
        -2.1278728874210247
    ],
    "leader": [
        -16.62933154414304,
        -7.792305689227542
    ],
    "police": [
        -9.105594286060633,
        -6.0331168671330175
    ],
    "home": [
        -12.48938267085552,
        -6.029406220996374
    ],
    "parents": [
        -19.791628854525868,
        -7.8377568818929
    ],
    "strong": [
        0.19741104143630558,
        0.28425663341054525
    ],
    "technology": [
        -4.942952600399584,
        -3.9516784334183774
    ],
    "science": [
        -10.23802292107211,
        -6.507125937121517
    ],
    "management": [
        -4.524200636119193,
        -4.291928341382645
    ],
    "teacher": [
        -17.22147221524232,
        -7.525975626276931
    ],
    "president": [
        -19.541790327294947,
        -7.8422836861917204
    ],
    "politician": [
        -15.80652948849994,
        -7.574023156486985
    ],
    "manager": [
        -14.442548332390208,
        -7.72892585610802
    ],
    "blue": [
        -13.150413494541391,
        -6.540854079309626
    ],
    "math": [
        -14.552664004790419,
        -7.014636578063952
    ],
    "pretty": [
        -1.5493540735639075,
        -0.26898641176202176
    ],
    "addition": [
        -12.798824257433353,
        -6.76756132900321
    ],
    "children": [
        -15.187796564834663,
        -7.726510957858212
    ],
    "business": [
        -4.471449206626435,
        -3.658109897023675
    ],
    "calculus": [
        -11.189135509393438,
        -6.4971941378025875
    ],
    "professional": [
        -3.311518668924921,
        -2.490234812250052
    ],
    "economist": [
        -10.514193153918624,
        -6.31794638393461
    ],
    "tall": [
        -5.08957104063147,
        -3.517929801527948
    ],
    "secretary": [
        -16.21666675635231,
        -7.683795893524506
    ],
    "executive": [
        -7.540597972442142,
        -6.054426053514062
    ],
    "philosopher": [
        -13.538713048336017,
        -6.749280951049849
    ],
    "pilot": [
        -16.15367458470159,
        -7.620319536224156
    ],
    "professor": [
        -18.150413332959662,
        -7.667421279518349
    ],
    "marriage": [
        -17.479152869708624,
        -7.86020868783715
    ],
    "romantic": [
        -5.610351774768302,
        -3.3794518459197294
    ],
    "wedding": [
        -18.916626669616434,
        -7.849168286911024
    ],
    "numbers": [
        -10.163396346937486,
        -6.038184497069169
    ],
    "literature": [
        -13.771717573658755,
        -6.683353614263075
    ],
    "career": [
        -12.145238446287294,
        -7.081622198735099
    ],
    "mirror": [
        -9.921195781944315,
        -5.260272411538528
    ],
    "engineering": [
        -7.872403759875606,
        -6.1514217713751185
    ],
    "chemistry": [
        -16.14988332714092,
        -7.508653768791518
    ],
    "flower": [
        -18.321349002697733,
        -7.262429768072429
    ],
    "corporation": [
        -17.37116485026203,
        -7.710436180533427
    ],
    "thin": [
        -4.9199652484748855,
        -2.771061375159217
    ],
    "scientist": [
        -12.69989976899347,
        -7.292013909299716
    ],
    "equations": [
        -13.713494433820735,
        -7.112011644979521
    ],
    "novel": [
        -4.607119032826523,
        -3.261645200873758
    ],
    "beauty": [
        -11.994594529573753,
        -6.076996460399031
    ],
    "warrior": [
        -15.325543834633141,
        -7.723513562841482
    ],
    "doctor": [
        -15.954204925237363,
        -7.779068707332722
    ],
    "nurturing": [
        -1.4094094327909765,
        -0.4767316842890054
    ],