{
    "attribute0-sister": [
        -1.256009432320843,
        -0.20597478854912168
    ],
    "attribute0-she": [
        -0.595264508194865,
        -0.3342857085128444
    ],
    "attribute0-her": [
        -0.6678088202526089,
        -0.39873177570160573
    ],
    "attribute0-women": [
        -0.7116730807671534,
        0.036030284248670136
    ],
    "attribute0-daughter": [
        -1.2402732765695081,
        -0.17398090733259894
    ],
    "attribute0-woman": [
        -0.6870409276384437,
        -0.03124335241483342
    ],
    "attribute0-mothers": [
        -1.009108196301678,
        0.2594511874413968
    ],
    "attribute0-mother": [
        -0.8764683372812158,
        0.01603007564305995
    ],
    "attribute0-herself": [
        -0.6015920388773136,
        -0.11566279653195896
    ],
    "attribute0-girls": [
        -1.477830982556207,
        -0.31912265153753
    ],
    "attribute0-female": [
        -0.5624657089363658,
        0.08178698546910085
    ],
    "attribute0-girl": [
        -1.5539816679913674,
        -0.2764201184573736
    ],
    "attribute0-daughters": [
        -1.1530992794212707,
        -0.19906738895791246
    ],
    "attribute0-aunt": [
        -2.0766093467285613,
        -0.9231522513552151
    ],
    "attribute0-hers": [
        -0.3176111687019312,
        0.11160855341564623
    ],
    "attribute0-niece": [
        -1.7825751321564471,
        -1.0189357886379273
    ],
    "attribute0-females": [
        -0.6718339328217162,
        -0.0827742096058833
    ],
    "attribute0-sisters": [
        -1.054283206192058,
        -0.2567947511226635
    ],
    "attribute0-aunts": [
        -1.0280291435491813,
        -0.3822558126248298
    ],
    "attribute1-his": [
        -0.6142738792506239,
        -0.42213308867796273
    ],
    "attribute1-he": [
        -0.6095662204298431,
        -0.4197530752184355
    ],
    "attribute1-brothers": [
        -0.6753683432520502,
        -0.75225206150922
    ],
    "attribute1-father": [
        -0.22826400247898684,
        -0.10282678401468573
    ],
    "attribute1-him": [
        -0.7840024864516707,
        -0.4718393853925619
    ],
    "attribute1-men": [
        -0.44770594294441673,
        -0.35785113536643753
    ],
    "attribute1-man": [
        -0.551696585427455,
        -0.12048386636659211
    ],
    "attribute1-son": [
        -0.9502952234941359,
        -0.4766628520939095
    ],
    "attribute1-fathers": [
        -0.19008037267025257,
        0.26361122400864323
    ],
    "attribute1-male": [
        -0.43122360128428266,
        0.04007443181394554
    ],
    "attribute1-himself": [
        -0.5698593552304407,
        -0.24534923063051645
    ],
    "attribute1-sons": [
        -0.5951728904252013,
        -0.26796144976612996
    ],
    "attribute1-boys": [
        -1.517281213219273,
        -0.42344584913460165
    ],
    "attribute1-brother": [
        -1.0843451592009936,
        -0.514016373111225
    ],
    "attribute1-boy": [
        -1.652622181609148,
        -0.30872128031504115
    ],
    "attribute1-males": [
        -0.4317719146422841,
        -0.0519515712488476
    ],
    "attribute1-uncle": [
        -1.5010169434557872,
        -1.2173173032352496
    ],
    "attribute1-uncles": [
        -1.2094949617447974,
        -1.375872520887576
    ],
    "attribute1-nephew": [
        -1.4662461072067021,
        -1.0519968878300856
    ],
    "attribute1-nephews": [
        -1.379664665166654,
        -0.7898501346720621
    ],
    "scm-0": [
        0.21734649636721656,
        1.0
    ],
    "scm-1": [
        -0.9326509427875577,
        -1.0
    ],
    "scm-2": [
        1.0,
        0.5316205363928722
    ],
    "scm-3": [
        -1.0,
        -0.36872908063590765
    ],
    "driving": [
        0.2939322663233139,
        -0.7171555647157994
    ],
    "terrorist": [
        -0.056342358481188265,
        -1.581504921896209
    ],
    "weak": [
        -1.0940757636226963,
        -0.9476405880191272
    ],
    "family": [
        -1.1067162929443137,
        -1.2272070105602484
    ],
    "sweet": [
        -0.8690222062234465,
        0.28480043995306376
    ],
    "office": [
        -1.7392762344099975,
        -0.6516282950467569
    ],
    "emotional": [
        -0.07890547589043488,
        0.12210635660485951
    ],
    "leader": [
        -2.2084843350099357,
        -1.0610737911450943
    ],
    "police": [
        -0.8980989673950007,
        -0.7138708848076215
    ],
    "home": [
        -0.9540071194052402,
        0.6823655450641622
    ],
    "parents": [
        -0.5441959105434946,
        0.6574235251545414
    ],
    "strong": [
        1.5780014002388816,
        0.5686265735073707
    ],
    "technology": [
        -2.9424038316274013,
        -0.6534988937769308
    ],
    "science": [
        -2.379888683064283,
        -0.9777997898201446
    ],
    "management": [
        -3.6381973375539784,
        -1.0094690375623245
    ],
    "teacher": [
        0.1183891623792405,
        0.9876698800357768
    ],
    "president": [
        -1.554358010806151,
        -0.7852559197841581
    ],
    "politician": [
        -0.4082354734672554,
        0.03252761969843943
    ],
    "manager": [
        -4.8713180496113475,
        -1.3385860629681048
    ],
    "blue": [
        -0.7633903175925927,
        -0.23001582673617832
    ],
    "math": [
        4.88829038957517,
        -3.8470503257338957
    ],
    "pretty": [
        -0.7371164028988421,
        0.35370473158396176
    ],
    "addition": [
        -0.563815521236422,
        -0.32385018028002216
    ],
    "children": [
        -2.0534575369608237,
        -0.5722824258948612
    ],
    "business": [
        -2.3249967391405972,
        -0.1666026030712745
    ],
    "calculus": [
        -0.23606695789463497,
        -0.7793243284322908
    ],
    "professional": [
        2.785384537455074,
        2.1112590572779957
    ],
    "economist": [
        -1.7768842579291164,
        -0.11357714334221708
    ],
    "tall": [
        -0.06806922580670048,
        -0.06934731755167105
    ],
    "secretary": [
        -1.6355158339162437,
        -0.5726472444372868
    ],
    "executive": [
        -2.3186197701225173,
        -0.46323976666309735
    ],
    "philosopher": [
        -0.14008611460189743,
        1.0901216763250823
    ],
    "pilot": [
        0.018463802296936203,
        -0.2011100749648015
    ],
    "professor": [
        -2.0590103977044323,
        -1.7214002881680162
    ],
    "marriage": [
        -1.3211692787429632,
        0.026116184518102416
    ],
    "romantic": [
        -0.06053851727742583,
        0.1667179714116979
    ],
    "wedding": [
        -1.1698035030266845,
        -0.144320630343527
    ],
    "numbers": [
        -0.6530085880567348,
        -0.4905333661557074
    ],
    "literature": [
        -0.22741921556719874,
        0.1793757950120768
    ],
    "career": [
        0.29649565732713207,
        -0.08156336492715871
    ],
    "mirror": [
        -0.9556082850466543,
        -0.5827566482499387
    ],
    "engineering": [
        5.951554854654219,
        -6.089603113787906
    ],
    "chemistry": [
        0.35767312437171644,
        -1.7485011196101823
    ],
    "flower": [
        -0.7022577740005567,
        0.320470066239661
    ],
    "corporation": [
        -1.9881446741296807,
        1.7846655940441356
    ],
    "thin": [
        -1.2833250510984524,
        -0.8646017813691579
    ],
    "scientist": [
        -2.418920473977675,
        -0.7186631066241496
    ],
    "equations": [
        -0.2691566523507914,
        -0.7295041849879889
    ],
    "novel": [
        -0.05874470755105615,
        -0.22977798887224762
    ],
    "beauty": [
        0.10128765594352666,
        0.562730193692937
    ],
    "warrior": [
        0.23285482738137675,
        -0.4028547936144684
    ],
    "doctor": [
        -1.1585811286878684,
        0.6008384941344947
    ],