{
    "attribute0-sister": [
        -3.4178562318521344,
        -1.4619712845922996
    ],
    "attribute0-she": [
        -3.2090690548549334,
        -2.080263318104305
    ],
    "attribute0-her": [
        -3.0596133220154877,
        -1.993217336986601
    ],
    "attribute0-women": [
        -3.6936362114020045,
        -1.2905100246229977
    ],
    "attribute0-daughter": [
        -3.06565013894478,
        -1.3606767095756567
    ],
    "attribute0-woman": [
        -3.441147347669889,
        -1.3868284907317683
    ],
    "attribute0-mothers": [
        -3.7495456926709796,
        -1.271109164474387
    ],
    "attribute0-mother": [
        -3.2366625880425155,
        -1.2902004003830414
    ],
    "attribute0-herself": [
        -2.8439419347589343,
        -1.3562680002410403
    ],
    "attribute0-girls": [
        -4.336365115377735,
        -1.7674688073760387
    ],
    "attribute0-female": [
        -3.1674037090181146,
        -0.9787362922325606
    ],
    "attribute0-girl": [
        -4.253043469080251,
        -1.5717453255911693
    ],
    "attribute0-daughters": [
        -3.3360227808759735,
        -1.6509128694832322
    ],
    "attribute0-aunt": [
        -3.8358692641320316,
        -2.1018546454458007
    ],
    "attribute0-hers": [
        -2.407413514602276,
        -0.9198568548860363
    ],
    "attribute0-niece": [
        -3.646654630359308,
        -2.3222204490652665
    ],
    "attribute0-females": [
        -3.9903881826320817,
        -1.8154787001295287
    ],
    "attribute0-sisters": [
        -3.580938324926713,
        -1.8118525403068357
    ],
    "attribute0-aunts": [
        -3.0320058556595737,
        -1.55507368485874
    ],
    "attribute1-his": [
        -2.716773890817925,
        -1.7170082464482872
    ],
    "attribute1-he": [
        -3.1240405160111444,
        -2.0504471319418442
    ],
    "attribute1-brothers": [
        -2.7803281397812682,
        -1.3438614398482842
    ],
    "attribute1-father": [
        -2.5007941377583016,
        -1.313652573580979
    ],
    "attribute1-him": [
        -3.462780503009274,
        -2.229737487381444
    ],
    "attribute1-men": [
        -3.29632213525982,
        -2.170761984382041
    ],
    "attribute1-man": [
        -3.363380737056859,
        -1.5609474918666382
    ],
    "attribute1-son": [
        -2.8289176010741564,
        -1.4388068494571604
    ],
    "attribute1-fathers": [
        -2.892740362410675,
        -1.2876191877081808
    ],
    "attribute1-male": [
        -3.2165906679558076,
        -1.0895382738462278
    ],
    "attribute1-himself": [
        -2.8110122048589545,
        -1.5134350992985657
    ],
    "attribute1-sons": [
        -2.527984160655271,
        -1.399265869291209
    ],
    "attribute1-boys": [
        -4.060310044015747,
        -1.8247500617885901
    ],
    "attribute1-brother": [
        -3.3264500899145464,
        -1.6864975245699485
    ],
    "attribute1-boy": [
        -3.9333506313743123,
        -1.5400621282206035
    ],
    "attribute1-males": [
        -3.5966919084645834,
        -1.7356761627203776
    ],
    "attribute1-uncle": [
        -3.2994633418092607,
        -2.0557397112012907
    ],
    "attribute1-uncles": [
        -3.027058493571576,
        -2.456958463969005
    ],
    "attribute1-nephew": [
        -3.225527662523703,
        -1.9916088425933716
    ],
    "attribute1-nephews": [
        -2.7899410211726305,
        -1.5772710763408784
    ],
    "scm-0": [
        0.42763032792830397,
        1.0
    ],
    "scm-1": [
        -0.7202940304134896,
        -1.0
    ],
    "scm-2": [
        1.0,
        0.508239661105816
    ],
    "scm-3": [
        -1.0,
        -0.49364306711902384
    ],
    "driving": [
        1.4563727954988097,
        0.12062740368060518
    ],
    "terrorist": [
        1.0829624571890404,
        -0.35595676131146287
    ],
    "weak": [
        0.7905469985908228,
        0.1341864051834846
    ],
    "family": [
        0.6723264067670497,
        0.22503133190941657
    ],
    "sweet": [
        0.7489667961467077,
        0.40724999926193944
    ],
    "office": [
        1.226184983162972,
        -0.11908057466176299
    ],
    "emotional": [
        0.7187930079910901,
        0.4628727064478782
    ],
    "leader": [
        1.2702250499529917,
        0.16140522999870374
    ],
    "police": [
        1.1042207191181732,
        -0.18820255755354254
    ],
    "home": [
        0.6116249959093873,
        0.5496064731748705
    ],
    "parents": [
        1.0266804972582797,
        0.3289672623645424
    ],
    "strong": [
        1.4967212724680072,
        0.5936386631737786
    ],
    "technology": [
        1.5816447221169512,
        0.018851790429734398
    ],
    "science": [
        1.63715468235731,
        0.17113798571384323
    ],
    "management": [
        1.4120185478647618,
        0.2883473204198318
    ],
    "teacher": [
        1.1548526338778724,
        0.3487063485130104
    ],
    "president": [
        1.4084202553858352,
        0.05505546764401502
    ],
    "politician": [
        1.1484258066531765,
        0.13785615413097135
    ],
    "manager": [
        1.400108544654527,
        0.21708385160537733
    ],
    "blue": [
        0.9789883950580772,
        0.21903433411298748
    ],
    "math": [
        1.1694449844351655,
        -0.19669957404281252
    ],
    "pretty": [
        -0.5556430809963443,
        0.5412143004099805
    ],
    "addition": [
        1.101461244496135,
        -0.1659693233955993
    ],
    "children": [
        -0.32270172101062605,
        -0.017480077334360175
    ],
    "business": [
        1.5936044568578496,
        0.03708814039743225
    ],
    "calculus": [
        -0.11983515972590632,
        -0.7956106156660976
    ],
    "professional": [
        1.570932417344584,
        0.48200724701676717
    ],
    "economist": [
        1.4312336964245713,
        -0.11538406928406005
    ],
    "tall": [
        1.0883760289627014,
        0.08791696013814888
    ],
    "secretary": [
        1.390677857275524,
        -0.019691047310432534
    ],
    "executive": [
        1.2823328361914856,
        0.07639271055460221
    ],
    "philosopher": [
        0.6017738298199132,
        0.15892281724214802
    ],
    "pilot": [
        0.42510625194220014,
        0.15992019597886725
    ],
    "professor": [
        1.3856495319891855,
        0.1334698340431859
    ],
    "marriage": [
        0.7993012113549356,
        0.13132691745632327
    ],
    "romantic": [
        0.6563957676263892,
        0.5731489987552487
    ],
    "wedding": [
        0.6973998023604222,
        0.2705679841589227
    ],
    "numbers": [
        0.4636174841492019,
        0.012025088309600033
    ],
    "literature": [
        0.9357053244276573,
        0.23972133624207945
    ],
    "career": [
        0.7552292336596353,
        0.17303098247324902
    ],
    "mirror": [
        0.4995586134415464,
        -0.37792133360137564
    ],
    "engineering": [
        1.4669556321973263,
        -0.11372703058032875
    ],
    "chemistry": [
        1.3647968625730356,
        -0.12967586486333377
    ],
    "flower": [
        0.5030568420346087,
        0.2860336400948641
    ],
    "corporation": [
        1.4928305330105525,
        -0.17277066515094974
    ],
    "thin": [
        1.2880244420466753,
        -0.0007539240260722812
    ],
    "scientist": [
        1.5173942650276653,
        0.08565805924204227
    ],
    "equations": [
        0.4431585257004319,
        -0.5102144333025687
    ],
    "novel": [
        0.4151478487131508,
        0.17254572406277469
    ],
    "beauty": [
        0.6452630909616635,
        0.4777162776778515
    ],
    "warrior": [
        0.6916445883498334,
        0.013281536574500276
    ],
    "doctor": [
        0.786735729607287,
        0.4681672077816127
    ],