{
    "attribute0-sister": [
        -0.4627289451800455,
        0.02858702119320825
    ],
    "attribute0-she": [
        -0.32565647671562914,
        -0.16017978134217542
    ],
    "attribute0-her": [
        -0.3268088868558025,
        -0.18195576981521322
    ],
    "attribute0-women": [
        -0.36427350843016104,
        0.16036575011333262
    ],
    "attribute0-daughter": [
        -0.43095253136924805,
        0.06781460444516048
    ],
    "attribute0-woman": [
        -0.3511584116882866,
        0.07549424624175455
    ],
    "attribute0-mothers": [
        -0.4378390781321017,
        0.30949508534803866
    ],
    "attribute0-mother": [
        -0.37692096721093493,
        0.1383293184094571
    ],
    "attribute0-herself": [
        -0.3499335948296035,
        0.01158881549619925
    ],
    "attribute0-girls": [
        -0.6764135458628514,
        0.016404458777576934
    ],
    "attribute0-female": [
        -0.2707062169437769,
        0.18924950012085404
    ],
    "attribute0-girl": [
        -0.7345307846380241,
        0.011655419194847031
    ],
    "attribute0-daughters": [
        -0.39762487251712975,
        0.0895506903606651
    ],
    "attribute0-aunt": [
        -0.8489205063762051,
        -0.24775701624811858
    ],
    "attribute0-hers": [
        -0.0839214365722868,
        0.23499431516016175
    ],
    "attribute0-niece": [
        -0.8219225798083333,
        -0.31487155839920605
    ],
    "attribute0-females": [
        -0.33577308653518656,
        0.04184437896581578
    ],
    "attribute0-sisters": [
        -0.2792819549783236,
        0.02475423632922137
    ],
    "attribute0-aunts": [
        -0.515850874490991,
        -0.1337663095173417
    ],
    "attribute1-his": [
        -0.2942934357950255,
        -0.1907445206361327
    ],
    "attribute1-he": [
        -0.35547600739504204,
        -0.2421641320384466
    ],
    "attribute1-brothers": [
        -0.2580322502445024,
        -0.19738196493839932
    ],
    "attribute1-father": [
        -0.12121896796910872,
        0.045426282430846274
    ],
    "attribute1-him": [
        -0.47796448537430314,
        -0.2684249961053454
    ],
    "attribute1-men": [
        -0.16117462658492968,
        -0.1749146764652686
    ],
    "attribute1-man": [
        -0.2560676147960647,
        -0.0019420781077507253
    ],
    "attribute1-son": [
        -0.35685472174887406,
        -0.07131731373252599
    ],
    "attribute1-fathers": [
        0.05514872646345419,
        0.27512059872934014
    ],
    "attribute1-male": [
        -0.22157706100681743,
        0.13115213266653167
    ],
    "attribute1-himself": [
        -0.29693432423489624,
        -0.07641469584488274
    ],
    "attribute1-sons": [
        -0.14335995935770732,
        0.024129709354114213
    ],
    "attribute1-boys": [
        -0.6219157586022034,
        -0.04882357407925046
    ],
    "attribute1-brother": [
        -0.41905648704327064,
        -0.10712233132137211
    ],
    "attribute1-boy": [
        -0.7164982362371531,
        -0.009308038934859878
    ],
    "attribute1-males": [
        -0.17229038945929212,
        0.0752002184693982
    ],
    "attribute1-uncle": [
        -0.6452808299928888,
        -0.39218759410595466
    ],
    "attribute1-uncles": [
        -0.5409747297760278,
        -0.5509973644360215
    ],
    "attribute1-nephew": [
        -0.6186274150746784,
        -0.3091967356613971
    ],
    "attribute1-nephews": [
        -0.6325773585239997,
        -0.27940596558510156
    ],
    "scm-0": [
        0.29193194454137966,
        1.0
    ],
    "scm-1": [
        -0.7841159850370689,
        -1.0
    ],
    "scm-2": [
        1.0,
        0.4722400418228829
    ],
    "scm-3": [
        -1.0,
        -0.38574905055257025
    ],
    "driving": [
        0.47702243963638996,
        -0.09989212195082446
    ],
    "terrorist": [
        -0.22057144124019948,
        -0.5455014742086534
    ],
    "weak": [
        -0.7168545668063401,
        -0.24362122345751872
    ],
    "family": [
        -0.2756966133380937,
        0.3475160898742959
    ],
    "sweet": [
        -0.42179755961064547,
        0.40531317920463766
    ],
    "office": [
        0.1449747913411867,
        -0.11561903187243762
    ],
    "emotional": [
        0.1409620508169323,
        0.26002349018824067
    ],
    "leader": [
        0.5432643233244047,
        0.29689180041506
    ],
    "police": [
        -0.13023221299589377,
        -0.15660195301059793
    ],
    "home": [
        -0.21953568120595118,
        0.5486675563016754
    ],
    "parents": [
        -0.1940362612164643,
        0.46594846309254445
    ],
    "strong": [
        0.774869345545357,
        0.58146918759805
    ],
    "technology": [
        0.6591399195722546,
        0.026514887399199365
    ],
    "science": [
        0.5703058913770265,
        0.30900095403281913
    ],
    "management": [
        0.54504046512986,
        0.2573159505755323
    ],
    "teacher": [
        0.10316975476648055,
        0.5189268928626694
    ],
    "president": [
        -0.006468731290913526,
        -0.02202496383223214
    ],
    "politician": [
        0.09716644565309306,
        0.10093150836378229
    ],
    "manager": [
        0.38628116282134406,
        0.20362129120828826
    ],
    "blue": [
        -0.39989841055222836,
        -0.049420942189241625
    ],
    "math": [
        0.006450770385977644,
        -0.2377414765821189
    ],
    "pretty": [
        -0.5477863769691352,
        0.34983150215018294
    ],
    "addition": [
        -0.2595193762015955,
        -0.25648748382476844
    ],
    "children": [
        -0.6087116900625155,
        0.07973194912656331
    ],
    "business": [
        0.4386797947868002,
        0.14750100927402485
    ],
    "calculus": [
        -0.060721991459217285,
        -0.6320052395105632
    ],
    "professional": [
        0.6224406381958586,
        0.8165287606784827
    ],
    "economist": [
        0.13251017262305734,
        -0.19649200200983272
    ],
    "tall": [
        0.12199193456799404,
        0.0136361190027714
    ],
    "secretary": [
        0.035249306612453006,
        -0.03434978865945894
    ],
    "executive": [
        0.6576333307603164,
        -0.01075420137875433
    ],
    "philosopher": [
        -0.02790577254011142,
        0.2879006498281164
    ],
    "pilot": [
        0.12154824497413294,
        0.09645811155986424
    ],
    "professor": [
        0.004496212016665823,
        0.29571069058314836
    ],
    "marriage": [
        -0.45957173151641934,
        0.2562757756464957
    ],
    "romantic": [
        0.11852611943201748,
        0.3483261484063243
    ],
    "wedding": [
        -0.3984641955134633,
        0.13619308855620207
    ],
    "numbers": [
        -0.0903666607609486,
        -0.14270022638077293
    ],
    "literature": [
        0.0016943044307278076,
        0.21567308530307647
    ],
    "career": [
        0.5061064226400374,
        0.13077053258090252
    ],
    "mirror": [
        -0.5632775291174132,
        -0.3056102314253242
    ],
    "engineering": [
        0.5055471080782862,
        -0.3406214858098017
    ],
    "chemistry": [
        0.027844538685775817,
        -0.2948614764656705
    ],
    "flower": [
        -0.33275441911811726,
        0.27665825742811073
    ],
    "corporation": [
        -0.0734580419674875,
        -0.3815797163074661
    ],
    "thin": [
        -0.7146367184529829,
        -0.49764805790147454
    ],
    "scientist": [
        0.39226047797251773,
        0.09912107962908014
    ],
    "equations": [
        -0.03097464987689274,
        -0.6064502054706057
    ],
    "novel": [
        0.0008064950667009054,
        -0.15193916661193618
    ],
    "beauty": [
        0.294050804492308,
        0.5322822550215722
    ],
    "warrior": [
        0.38497830269460986,
        0.0064568108519532635
    ],